source_path,source_anchor,kept/discarded,reason,target_file,target_section
AGENTS.md,Full Document,kept,Retained; thematically categorized,curated/vision.md,AGENT.md — Weed Breed (TypeScript Backend + React/Vite) (AGENTS.md)
CHANGELOG.md,Full Document,kept,Retained; thematically categorized,curated/vision.md,Changelog (CHANGELOG.md)
CONTRIBUTING.md,Full Document,kept,Retained; thematically categorized,curated/vision.md,Contributing to Weed Breed Reboot (CONTRIBUTING.md)
README.md,Full Document,kept,Retained; thematically categorized,curated/vision.md,WeedBreed Reboot (README.md)
WARP.md,Full Document,kept,Retained; thematically categorized,curated/vision.md,WARP.md (WARP.md)
appendices/B_todos_extracted.md,Full Document,kept,Retained; thematically categorized,curated/vision.md,"Extracted TODO, OPEN, NEXT, and Numbered Action Items (appendices/B_todos_extracted.md)"
curated/data-schema.md,Full Document,kept,Retained; thematically categorized,curated/data-schema.md,Data/Schema (curated/data-schema.md)
curated/simulation-loop.md,Full Document,kept,Retained; thematically categorized,curated/simulation-loop.md,Simulation Loop (curated/simulation-loop.md)
curated/ui.md,Full Document,kept,Retained; thematically categorized,curated/ui.md,Ui (curated/ui.md)
curated/vision.md,Full Document,kept,Retained; thematically categorized,curated/vision.md,Vision (curated/vision.md)
docs/CHANGELOG.md,Full Document,kept,Retained; thematically categorized,curated/simulation-loop.md,Documentation Changelog (docs/CHANGELOG.md)
docs/DD.md,Full Document,kept,Retained; thematically categorized,curated/vision.md,Weedbreed.AI — Data Dictionary (DD) (docs/DD.md)
docs/TDD.md,Full Document,kept,Retained; thematically categorized,curated/vision.md,Weedbreed.AI — Technical Design Document (TDD) (docs/TDD.md)
docs/_extraction/formulas.md,Full Document,kept,Retained; thematically categorized,curated/vision.md,Extracted Formulas (docs/_extraction/formulas.md)
docs/_final/01-title-scope.md,Full Document,kept,Retained; thematically categorized,curated/vision.md,Title & Scope [ # Source: docs/vision_scope.md § 1. Vision; docs/backend-overview.md § 1. Purpose & Non-Goals ] (docs/_final/01-title-scope.md)
docs/_final/02-core-principles.md,Full Document,kept,Retained; thematically categorized,curated/vision.md,Core Principles [ # Source: docs/vision_scope.md § 1. Vision; docs/system/simulation_philosophy.md § 1. Time & Simulation Loop: Stability and Fairness; docs/system/simulation_philosophy.md § 2. Environmental Model: Emergent Complexity from Simple Rules; docs/backend-overview.md § 3. Blueprints Provided & How to Use Them ] (docs/_final/02-core-principles.md)
docs/_final/03-domain-model.md,Full Document,kept,Retained; thematically categorized,curated/vision.md,Domain Model [ # Source: docs/vision_scope.md § 4. Canonical Domain Model; docs/DD.md § 1) Strains — `/data/blueprints/strains/*.json`; docs/DD.md § 2) Devices — `/data/blueprints/devices/*.json`; docs/DD.md § 3) Cultivation Methods — `/data/blueprints/cultivationMethods/*.json` ] (docs/_final/03-domain-model.md)
docs/_final/04-simulation-lifecycle.md,Full Document,kept,Retained; thematically categorized,curated/data-schema.md,"Simulation Lifecycle [ # Source: docs/system/simulation-engine.md § Timebase & Core Loop (fixed-step, scheduler-agnostic); docs/system/simulation-engine.md § Environment Model (per Zone; well-mixed, delta-based); docs/system/simulation-engine.md § Plant Growth, Stress, Health (per Planting/Plant); docs/system/simulation-engine.md § Tasks & Agentic Employees (utility-based; overtime-aware); docs/system/simulation-engine.md § Economics (currency-neutral) ] (docs/_final/04-simulation-lifecycle.md)"
docs/_final/05-math-formulas-overview.md,Full Document,kept,Retained; thematically categorized,curated/vision.md,Math Formulas Overview [ # Source: docs/_extraction/formulas.md § Extracted Formulas ] (docs/_final/05-math-formulas-overview.md)
docs/_final/06-devices-and-effects.md,Full Document,kept,Retained; thematically categorized,curated/vision.md,"Devices and Effects [ # Source: docs/system/simulation-engine.md § Environment Model (per Zone; well-mixed, delta-based); docs/DD.md § 2) Devices — `/data/blueprints/devices/*.json`; docs/backend-overview.md § 3.2 Blueprint–to–Subsystem Mapping ] (docs/_final/06-devices-and-effects.md)"
docs/_final/07-economy-and-costs.md,Full Document,kept,Retained; thematically categorized,curated/vision.md,Economy and Costs [ # Source: docs/vision_scope.md § 6. Progression & Economy; docs/vision_scope.md § 6a. Quality Grades & Price Functions; docs/system/simulation-engine.md § Economics (currency-neutral); docs/system/simulation_philosophy.md § 5. Economic Model: Constant Pressure and Rewarding Mastery ] (docs/_final/07-economy-and-costs.md)
docs/_final/08-data-and-blueprints.md,Full Document,kept,Retained; thematically categorized,curated/vision.md,Data and Blueprints [ # Source: docs/backend-overview.md § 3. Blueprints Provided & How to Use Them; docs/system/data-validation.md § Blueprint Data Validation Workflow; docs/DD.md § Conventions (apply to all files) ] (docs/_final/08-data-and-blueprints.md)
docs/_final/09-telemetry-and-ui-views.md,Full Document,kept,Retained; thematically categorized,curated/data-schema.md,Telemetry and UI Views [ # Source: docs/system/socket_protocol.md § UI Stream (`uiStream$`); docs/system/socket_protocol.md § Connection & Handshake; docs/ui-building_guide.md § Guiding Principles; docs/ui-building_guide.md § Layout & Navigation; docs/ui-building_guide.md § Dashboard & Global Chrome ] (docs/_final/09-telemetry-and-ui-views.md)
docs/_final/10-assumptions-constraints.md,Full Document,kept,Retained; thematically categorized,curated/vision.md,Assumptions and Constraints [ # Source: docs/vision_scope.md § 3. Success Criteria; docs/vision_scope.md § 12. Non-Functional Requirements (NFR); docs/vision_scope.md § 15. Risks & Assumptions; docs/vision_scope.md § 16. Binding Rules & Technical Guardrails (Coding‑Ready) ] (docs/_final/10-assumptions-constraints.md)
docs/_final/11-open-questions.md,Full Document,kept,Retained; thematically categorized,curated/vision.md,Open Questions [ # Source: docs/vision_scope.md § 3. Success Criteria; docs/vision_scope.md § 4. Canonical Domain Model; docs/vision_scope.md § 8. Content & Data Strategy; docs/vision_scope.md § 13. Legal & Ethics ] (docs/_final/11-open-questions.md)
docs/_final/12-provenance-index.md,Full Document,kept,Retained; thematically categorized,curated/vision.md,"Provenance Index [ # Source: docs/vision_scope.md § 1. Vision; docs/backend-overview.md § 3. Blueprints Provided & How to Use Them; docs/system/simulation-engine.md § Timebase & Core Loop (fixed-step, scheduler-agnostic); docs/_extraction/formulas.md § Extracted Formulas; docs/system/socket_protocol.md § UI Stream (`uiStream$`); docs/ui-building_guide.md § Guiding Principles; docs/system/data-validation.md § Blueprint Data Validation Workflow; docs/DD.md § Conventions (apply to all files); docs/system/simulation_philosophy.md § 1. Time & Simulation Loop: Stability and Fairness ] (docs/_final/12-provenance-index.md)"
docs/_inventory/outline.md,Full Document,kept,Retained; thematically categorized,curated/vision.md,Documentation Outline (docs/_inventory/outline.md)
docs/addendum/all-json.md,Full Document,kept,Retained; thematically categorized,curated/vision.md,"﻿# All JSON configurations file, currently available in `/data` (docs/addendum/all-json.md)"
docs/addendum/ideas/breeding_module.md,Full Document,kept,Retained; thematically categorized,curated/vision.md,Weed Breed — Breeding Module (TS + Pseudocode) (docs/addendum/ideas/breeding_module.md)
docs/addendum/ideas/kief_dsl.md,Full Document,kept,Retained; thematically categorized,curated/vision.md,"KIEF DSL — High‑Level Integration (Monorepo, `data/kief`, Pseudocode‑Only) (docs/addendum/ideas/kief_dsl.md)"
docs/addendum/ideas/room-purpose-registry.md,Full Document,kept,Retained; thematically categorized,curated/vision.md,Room Purpose Registry (docs/addendum/ideas/room-purpose-registry.md)
docs/addendum/ideas/terpenes.md,Full Document,kept,Retained; thematically categorized,curated/vision.md,Terpene & Effects — High‑Level Concepts for Strain Blueprints (Augmented) (docs/addendum/ideas/terpenes.md)
docs/addendum/migrations/2025-01-22-typescript-toolchain.md,Full Document,kept,Retained; thematically categorized,curated/ui.md,Migration — Backend TypeScript Toolchain (docs/addendum/migrations/2025-01-22-typescript-toolchain.md)
docs/backend-overview.md,Full Document,kept,Retained; thematically categorized,curated/vision.md,Backend Overview (docs/backend-overview.md)
docs/constants/balance.md,Full Document,kept,Retained; thematically categorized,curated/simulation-loop.md,Game Balance Constants (docs/constants/balance.md)
docs/constants/environment.md,Full Document,kept,Retained; thematically categorized,curated/simulation-loop.md,Environmental Simulation Constants (docs/constants/environment.md)
docs/constants/health.md,Full Document,kept,Retained; thematically categorized,curated/simulation-loop.md,Plant Health Constants (docs/constants/health.md)
docs/constants/physiology.md,Full Document,kept,Retained; thematically categorized,curated/simulation-loop.md,Plant Physiology Constants (docs/constants/physiology.md)
docs/constants/plants.md,Full Document,kept,Retained; thematically categorized,curated/data-schema.md,Plant Growth Defaults (docs/constants/plants.md)
docs/constants/time.md,Full Document,kept,Retained; thematically categorized,curated/simulation-loop.md,Timekeeping Defaults (docs/constants/time.md)
docs/constants/world.md,Full Document,kept,Retained; thematically categorized,curated/simulation-loop.md,World Defaults (docs/constants/world.md)
docs/contradictions.md,Full Document,kept,Retained; thematically categorized,curated/simulation-loop.md,User-provided custom instructions (docs/contradictions.md)
docs/enhanced-cultivation-methods-summary.md,Full Document,kept,Retained; thematically categorized,curated/data-schema.md,"Enhanced Cultivation Methods Summary\n\nAll cultivation methods have been successfully aligned with the new enhanced schema including environmental bias, labor profiles, and capacity hints.\n\n## Enhanced Fields Added to All Methods\n\n### ✅ Environmental Bias (`envBias`)\nPreferred environmental offsets that the cultivation method naturally creates:\n- **Temperature bias** (`temp_C`): Method's tendency to raise/lower temperature\n- **Humidity bias** (`rh_frac`): Method's effect on humidity levels\n- **CO2 bias** (`co2_ppm`): Method's CO2 consumption or retention characteristics\n- **Light bias** (`ppfd_umol_m2s`): Method's light distribution effects\n- **VPD bias** (`vpd_kPa`): Method's impact on vapor pressure deficit\n\n### ✅ Labor Profile (`laborProfile`)\nWork requirements for successful cultivation:\n- **Hours per plant per week** (`hoursPerPlantPerWeek`): Labor intensity measurement\n\n### ✅ Capacity Hints (`capacityHints`)\nSpace utilization characteristics:\n- **Plants per m²** (`plantsPer_m2`): Optimal plant density\n- **Canopy height** (`canopyHeight_m`): Typical final plant height\n\n## Method-Specific Characteristics\n\n### Basic Soil Pot\n- **Environmental Bias**: Neutral (no specific biases)\n- **Labor Profile**: 0.2 hours/plant/week (very low maintenance)\n- **Capacity**: 4 plants/m², 1.2m canopy height\n- **Philosophy**: Simple, beginner-friendly, universally compatible\n\n### Sea of Green (SOG)\n- **Environmental Bias**: \n - `vpd_kPa: +0.1` (higher VPD for dense canopy air circulation)\n - `rh_frac: -0.05` (slightly lower humidity to prevent mold)\n- **Labor Profile**: 0.3 hours/plant/week (moderate plant management)\n- **Capacity**: 18 plants/m², 0.6m canopy height\n- **Philosophy**: High-density, fast-cycling, indica-optimized\n\n### Screen of Green (SCROG)\n- **Environmental Bias**:\n - `temp_C: +0.5` (slightly warmer for enhanced growth)\n - `co2_ppm: +50` (better CO2 utilization with trained canopy)\n- **Labor Profile**: 1.2 hours/plant/week (high training effort)\n- **Capacity**: 2 plants/m², 0.8m canopy height\n- **Philosophy**: Low-density, maximum yield per plant, sativa-optimized\n\n## Compatibility System\n\n### Method vs Strain Compatibility Calculation\nThe new `MethodCompatibilityService` evaluates:\n\n1. **Environmental Fit (60% weight)**\n - Compares method `envBias` against strain environmental bands\n - Calculates if method biases align with strain preferences\n - Accounts for growth phase differences\n\n2. **Labor Fit (25% weight)**\n - Matches method labor requirements with strain resilience\n - Considers existing strain method affinity scores\n - Evaluates strain tolerance for labor-intensive techniques\n\n3. **Capacity Fit (15% weight)**\n - Compares method density with strain genetic preferences\n - Indica strains favor higher density (SOG-style)\n - Sativa strains prefer lower density (SCROG-style)\n\n### Compatibility Categories\n- **Excellent** (0.85+): Method is ideal for this strain\n- **Good** (0.7-0.84): Method performs well with this strain\n- **Acceptable** (0.5-0.69): Method works but may not be optimal\n- **Poor** (0.3-0.49): Method may struggle with this strain\n- **Incompatible** (<0.3): Method not recommended for this strain\n\n## Integration Benefits\n\n### For Players\n- **Smart recommendations**: System suggests optimal method-strain combinations\n- **Environmental insights**: Understand how methods affect growing conditions\n- **Labor planning**: Accurate time estimates for cultivation management\n- **Space optimization**: Realistic density and height planning\n\n### For Simulation\n- **Realistic constraints**: Method biases affect environmental control\n- **Dynamic compatibility**: Scores adapt based on strain and growth phase\n- **Resource planning**: Labor and space requirements drive economic decisions\n- **Educational value**: Learn real cultivation trade-offs and techniques\n\n## Technical Implementation\n\n### Schema Validation\n`typescript\n// Enhanced cultivation method schema with new fields\nenvBias: z.object({\n  temp_C: z.number().optional(),\n  rh_frac: z.number().optional(),\n  co2_ppm: z.number().optional(),\n  ppfd_umol_m2s: z.number().optional(),\n  vpd_kPa: z.number().optional(),\n}).optional(),\n\nlaborProfile: z.object({\n  hoursPerPlantPerWeek: z.number().positive(),\n}).optional(),\n\ncapacityHints: z.object({\n  plantsPer_m2: z.number().positive(),\n  canopyHeight_m: z.number().positive(),\n}).optional()\n`\n\n### Compatibility Service\n- **Weighted scoring**: Environmental fit is most important (60%)\n- **Phase-aware**: Evaluations consider current plant growth stage\n- **Extensible**: Easy to add new compatibility factors\n- **Recommendation engine**: Provides actionable cultivation advice\n\n## Example Usage\n\n`typescript\n// Calculate strain-method compatibility\nconst compatibility = methodCompatibilityService.calculateCompatibility({\n  strain: ak47Strain,\n  method: sogMethod,\n  stage: 'flowering'\n});\n\nconsole.log(compatibility.category); // 'excellent'\nconsole.log(compatibility.overallScore); // 0.87\nconsole.log(compatibility.details.environmental); // Detailed breakdown\n`\n\n## Files Updated\n\n1. **Basic Soil Pot** (`data/blueprints/cultivationMethods/basic_soil_pot.json`)\n - Added neutral environmental bias (no offsets)\n - Low labor requirements (0.2 hours/plant/week)\n - Moderate density (4 plants/m², 1.2m height)\n\n2. **Sea of Green** (`data/blueprints/cultivationMethods/sog.json`)\n - Added VPD and humidity bias for dense canopy management\n - Moderate labor (0.3 hours/plant/week)\n - High density (18 plants/m², 0.6m height)\n\n3. **Screen of Green** (`data/blueprints/cultivationMethods/scrog.json`)\n - Added temperature and CO2 bias for optimal training\n - High labor (1.2 hours/plant/week for screen management)\n - Low density (2 plants/m², 0.8m height)\n\n4. **Schema Validation** (`src/backend/src/data/schemas/cultivationMethodSchema.ts`)\n - Added Zod validation for all new fields\n - Type-safe environmental bias definitions\n - Positive number validation for capacity hints\n\n5. **Compatibility Service** (`src/backend/src/engine/cultivation/methodCompatibilityService.ts`)\n - Comprehensive strain-method compatibility analysis\n - Weighted scoring system with detailed breakdowns\n - Recommendation engine for cultivation decisions\n\nAll cultivation methods are now fully enhanced and ready for advanced strain-method compatibility analysis in the simulation engine! (docs/enhanced-cultivation-methods-summary.md)"
docs/enhanced-strain-blueprint-system.md,Full Document,kept,Retained; thematically categorized,curated/vision.md,"Enhanced Strain Blueprint System\n\nThis document describes the enhanced strain blueprint system that provides more realistic and detailed strain-specific environmental preferences, yield modeling, and cultivation method compatibility.\n\n## Overview\n\nThe enhanced strain system extends the basic strain blueprint with new fields that enable:\n- Phase-specific environmental preferences (seedling, veg, flower, ripening)\n- Stress tolerance modeling for environmental metrics\n- Cultivation method affinity scoring\n- Phase-specific durations for phenology\n- Advanced yield modeling with CO2 response curves\n\n## Core Components\n\n### 1. Enhanced Strain Blueprint\n\n**Location**: `src/backend/src/engine/strains/enhancedStrainInterface.ts`\n\nThe enhanced strain blueprint includes these new fields:\n\n`typescript\ninterface EnhancedStrainBlueprint {\n  // ... existing fields (id, name, genetics, etc.)\n  \n  // Environmental bands per phase\n  envBands?: {\n    default: EnvBands;\n    veg?: Partial<EnvBands>;\n    flower?: Partial<EnvBands>;\n  };\n  \n  // Stress tolerance per metric\n  stressTolerance?: {\n    temp_C?: number;\n    rh_frac?: number;\n    co2_ppm?: number;\n    ppfd_umol_m2s?: number;\n    vpd_kPa?: number;\n  };\n  \n  // Method compatibility\n  methodAffinity?: Record<string, number>; // method ID -> affinity (0-1)\n  \n  // Growth phase durations\n  phaseDurations?: {\n    seedling?: number;\n    veg?: number;\n    flower?: number;\n    ripening?: number;\n  };\n  \n  // Enhanced yield model\n  yieldModel?: {\n    baseGmPerPlant?: number;\n    qualityFactors?: {\n      temp?: number;\n      rh?: number;\n      ppfd?: number;\n      vpd?: number;\n    };\n    co2Response?: {\n      halfMax_ppm: number;\n      saturation_ppm: number;\n    };\n  };\n}\n`\n\n### 2. Environmental Evaluation Service\n\n**Location**: `src/backend/src/engine/strains/enhancedStrainService.ts`\n\nThe service provides methods for:\n- Evaluating zone environment against strain preferences\n- Calculating yield estimates based on environmental conditions\n- Determining cultivation method compatibility\n- Emitting environmental events for monitoring\n\n#### Key Methods:\n\n`typescript\n// Evaluate environment against strain bands\nevaluateEnvironment(\n  strain: EnhancedStrainBlueprint,\n  environment: ZoneEnvironmentState,\n  stage: PlantStage,\n  applyStressTolerance?: boolean\n): StrainEnvironmentResult\n\n// Calculate enhanced yield estimate\ncalculateYield(context: YieldCalculationContext): CalculatedYield\n\n// Get method compatibility rating\ngetMethodCompatibility(\n  strain: EnhancedStrainBlueprint,\n  methodId: string\n): MethodCompatibility\n`\n\n### 3. Plant Growth Integration\n\n**Location**: `src/backend/src/engine/strains/plantGrowthIntegration.ts`\n\nIntegrates the enhanced strain evaluation with the plant growth engine:\n- Calculates health and growth multipliers based on environmental stress\n- Provides phase-aware growth rate calculations\n- Generates yield estimates and environmental tooltips for the UI\n\n### 4. Frontend UI Component\n\n**Location**: `src/frontend/src/components/strain/StrainEnvironmentPanel.tsx`\n\nDisplays comprehensive strain environmental analysis including:\n- Overall stress level with color-coded indicators\n- Individual metric status (optimal, acceptable, stress, critical)\n- Yield estimates with breakdown of quality and CO2 multipliers\n- Method compatibility ratings\n- Environmental recommendations\n\n## Environmental Band System\n\n### Band Structure\n\n`typescript\ninterface EnvBand {\n  green: [number, number];    // Optimal range\n  yellowLow: number;          // Acceptable lower bound\n  yellowHigh: number;         // Acceptable upper bound\n}\n`\n\n### Phase Overrides\n\nStrains can define different environmental preferences for different growth phases:\n- **Default**: Base environmental preferences\n- **Veg**: Overrides for vegetative growth (often higher humidity, lower light)\n- **Flower**: Overrides for flowering phase (often lower humidity, higher light)\n\n### Evaluation Logic\n\n1. **Optimal (Green)**: Value falls within the green range\n2. **Acceptable (Yellow)**: Value falls between yellowLow and green[0], or between green[1] and yellowHigh\n3. **Stress (Orange)**: Value deviates moderately from acceptable range\n4. **Critical (Red)**: Value deviates severely from acceptable range\n\n### Stress Tolerance\n\nMature plants (>14 days) can apply stress tolerance, which widens the acceptable ranges:\n- Reduces yellowLow by tolerance amount\n- Increases yellowHigh by tolerance amount\n- Allows plants to better handle environmental fluctuations as they mature\n\n## Yield Modeling\n\n### Quality Factors\n\nEach environmental metric can contribute to yield quality:\n`typescript\nqualityFactors: {\n  temp: 0.3,     // Temperature contributes 30% to quality score\n  rh: 0.2,       // Humidity contributes 20%\n  ppfd: 0.4,     // Light contributes 40%\n  vpd: 0.1       // VPD contributes 10%\n}\n`\n\n### CO2 Response Curve\n\nModels diminishing returns for CO2 supplementation:\n- **halfMax_ppm**: CO2 level that gives 50% of maximum response\n- **saturation_ppm**: CO2 level beyond which no additional benefit occurs\n- Uses Michaelis-Menten kinetics for realistic CO2 response\n\n### Final Yield Calculation\n\n`\nEstimated Yield = Base Yield × Quality Multiplier × CO2 Multiplier\n`\n\n## Method Affinity System\n\n### Affinity Scores\n\nEach strain can define compatibility with cultivation methods:\n- **1.0**: Perfect compatibility\n- **0.8**: Good compatibility\n- **0.6**: Moderate compatibility\n- **0.4**: Poor compatibility\n- **0.2**: Very poor compatibility\n- **0.0**: Incompatible\n\n### Categories\n\n- **Excellent** (0.9+): Strain thrives with this method\n- **Good** (0.7-0.89): Strain performs well\n- **Neutral** (0.5-0.69): Strain is compatible but not optimal\n- **Poor** (0.3-0.49): Strain may struggle\n- **Incompatible** (<0.3): Not recommended\n\n## Example Usage\n\n### Backend Integration\n\n`typescript\n// In plant growth tick processing\nconst environmentResult = enhancedStrainService.evaluateEnvironment(\n  strain,\n  zoneEnvironment,\n  plant.stage,\n  plant.age_days > 14 // Apply stress tolerance for mature plants\n);\n\n// Calculate growth multipliers\nconst healthMultiplier = 1.0 - (environmentResult.overallStress * 0.3);\nconst growthRate = baseGrowthRate * healthMultiplier;\n\n// Emit monitoring events\nenhancedStrainService.emitEnvironmentalEvents(\n  plant.id,\n  plant.zone_id,\n  strain,\n  environmentResult,\n  currentTick,\n  eventCollector\n);\n`\n\n### Frontend Integration\n\n`tsx\n// Display strain environment analysis\n<StrainEnvironmentPanel\n  strainName=\""AK-47\""\n  environmentResult={environmentResult}\n  yieldEstimate={yieldEstimate}\n  methodCompatibility={methodCompatibility}\n  baseYield={120}\n/>\n`\n\n## Migration Path\n\n### Existing Strains\n\nStrains without enhanced fields will use fallback defaults:\n- Default environmental bands based on cannabis cultivation best practices\n- No stress tolerance (0 for all metrics)\n- No method affinity (assumes neutral compatibility)\n- Standard phase durations\n- Simple yield model without quality factors\n\n### Gradual Enhancement\n\nStrains can be enhanced incrementally:\n1. Add basic `envBands` with default values\n2. Add phase-specific overrides for `veg` and `flower`\n3. Configure `stressTolerance` based on strain resilience\n4. Define `methodAffinity` for cultivation methods\n5. Add `yieldModel` with quality factors and CO2 response\n\n## Benefits\n\n### Realism\n- Different strains now have unique environmental preferences\n- Phase-specific requirements (e.g., lower humidity in flower)\n- Realistic CO2 response curves\n- Method-specific compatibility\n\n### Gameplay\n- Strategic strain selection based on available equipment\n- Environmental optimization becomes strain-specific\n- Yield predictions become more accurate and meaningful\n- Player education about real cultivation practices\n\n### UI/UX\n- Rich environmental feedback with source attribution\n- Clear visual indicators for environmental status\n- Actionable recommendations for improvement\n- Detailed yield breakdowns showing impact of environment\n\n## Future Enhancements\n\n### Planned Features\n\n1. **Nutrient Affinity**: Strain preferences for different nutrient regimens\n2. **Training Response**: How well strains respond to LST, SCROG, etc.\n3. **Harvest Window**: Strain-specific ripening characteristics\n4. **Genetic Stability**: Phenotype variation modeling\n5. **Disease Resistance**: Environmental stress leading to pathogen susceptibility\n\n### Advanced Modeling\n\n1. **Multi-factor Interactions**: How temperature and humidity interact for VPD optimization\n2. **Seasonal Adaptation**: Strains that prefer different conditions at different times\n3. **Epigenetic Memory**: Plants \""remembering\"" previous environmental stress\n4. **Breeding Integration**: Parent strain characteristics affecting offspring\n\nThis enhanced strain system provides a solid foundation for realistic, engaging, and educational cannabis cultivation simulation while maintaining backward compatibility with existing strain data.\n\n## Implementation Summary\n\n### Files Created\n\n1. **Enhanced AK-47 Blueprint**: `data/strains/ak-47-enhanced.json`\n - Complete strain blueprint with all new fields populated\n - Phase-specific environmental preferences\n - Stress tolerance configuration\n - Method affinity scores\n - Advanced yield model\n\n2. **Backend Schema**: `src/backend/src/schemas/strainsSchema.ts`\n - Zod validation schema for enhanced strain fields\n - Type-safe validation and parsing\n\n3. **Strain Interface**: `src/backend/src/engine/strains/enhancedStrainInterface.ts`\n - TypeScript interfaces and utility functions\n - Environmental evaluation logic\n - Phase mapping functions\n\n4. **Strain Service**: `src/backend/src/engine/strains/enhancedStrainService.ts`\n - Environmental evaluation service\n - Yield calculation engine\n - Method compatibility assessment\n - Event emission for monitoring\n\n5. **Growth Integration**: `src/backend/src/engine/strains/plantGrowthIntegration.ts`\n - Integration with plant growth engine\n - Health and growth multiplier calculations\n - UI tooltip generation\n\n6. **UI Component**: `src/frontend/src/components/strain/StrainEnvironmentPanel.tsx`\n - React component for environmental analysis display\n - Color-coded status indicators\n - Yield breakdown visualization\n - Environmental recommendations\n\nThe system is designed to be backward compatible, extensible, and provides a rich foundation for realistic cannabis cultivation simulation. (docs/enhanced-strain-blueprint-system.md)"
docs/enhanced-strain-system.md,Full Document,kept,Retained; thematically categorized,curated/vision.md,"Enhanced Strain Blueprint System\n\nThis document describes the enhanced strain blueprint system that has been implemented to provide more realistic and detailed strain-specific environmental preferences, yield modeling, and cultivation method compatibility.\n\n## Overview\n\nThe enhanced strain system extends the basic strain blueprint with new fields that enable:\n- Phase-specific environmental preferences (seedling, veg, flower, ripening)\n- Stress tolerance modeling for environmental metrics\n- Cultivation method affinity scoring\n- Phase-specific durations for phenology\n- Advanced yield modeling with CO2 response curves\n\n## Core Components\n\n### 1. Enhanced Strain Blueprint\n\nLocation: `src/backend/src/engine/strains/enhancedStrainInterface.ts`\n\nThe enhanced strain blueprint includes these new fields:\n\n`typescript\ninterface EnhancedStrainBlueprint {\n  // ... existing fields (id, name, genetics, etc.)\n  \n  // Environmental bands per phase\n  envBands?: {\n    default: EnvBands;\n    veg?: Partial<EnvBands>;\n    flower?: Partial<EnvBands>;\n  };\n  \n  // Stress tolerance per metric\n  stressTolerance?: {\n    temp_C?: number;\n    rh_frac?: number;\n    co2_ppm?: number;\n    ppfd_umol_m2s?: number;\n    vpd_kPa?: number;\n  };\n  \n  // Method compatibility\n  methodAffinity?: Record<string, number>; // method ID -> affinity (0-1)\n  \n  // Growth phase durations\n  phaseDurations?: {\n    seedling?: number;\n    veg?: number;\n    flower?: number;\n    ripening?: number;\n  };\n  \n  // Enhanced yield model\n  yieldModel?: {\n    baseGmPerPlant?: number;\n    qualityFactors?: {\n      temp?: number;\n      rh?: number;\n      ppfd?: number;\n      vpd?: number;\n    };\n    co2Response?: {\n      halfMax_ppm: number;\n      saturation_ppm: number;\n    };\n  };\n}\n`\n\n### 2. Environmental Evaluation Service\n\nLocation: `src/backend/src/engine/strains/enhancedStrainService.ts`\n\nThe service provides methods for:\n- Evaluating zone environment against strain preferences\n- Calculating yield estimates based on environmental conditions\n- Determining cultivation method compatibility\n- Emitting environmental events for monitoring\n\n#### Key Methods:\n\n`typescript\n// Evaluate environment against strain bands\nevaluateEnvironment(\n  strain: EnhancedStrainBlueprint,\n  environment: ZoneEnvironmentState,\n  stage: PlantStage,\n  applyStressTolerance?: boolean\n): StrainEnvironmentResult\n\n// Calculate enhanced yield estimate\ncalculateYield(context: YieldCalculationContext): CalculatedYield\n\n// Get method compatibility rating\ngetMethodCompatibility(\n  strain: EnhancedStrainBlueprint,\n  methodId: string\n): MethodCompatibility\n`\n\n### 3. Plant Growth Integration\n\nLocation: `src/backend/src/engine/strains/plantGrowthIntegration.ts`\n\nIntegrates the enhanced strain evaluation with the plant growth engine:\n- Calculates health and growth multipliers based on environmental stress\n- Provides phase-aware growth rate calculations\n- Generates yield estimates and environmental tooltips for the UI\n\n### 4. Frontend UI Component\n\nLocation: `src/frontend/src/components/strain/StrainEnvironmentPanel.tsx`\n\nDisplays comprehensive strain environmental analysis including:\n- Overall stress level with color-coded indicators\n- Individual metric status (optimal, acceptable, stress, critical)\n- Yield estimates with breakdown of quality and CO2 multipliers\n- Method compatibility ratings\n- Environmental recommendations\n\n## Environmental Band System\n\n### Band Structure\n\n`typescript\ninterface EnvBand {\n  green: [number, number];    // Optimal range\n  yellowLow: number;          // Acceptable lower bound\n  yellowHigh: number;         // Acceptable upper bound\n}\n`\n\n### Phase Overrides\n\nStrains can define different environmental preferences for different growth phases:\n- **Default**: Base environmental preferences\n- **Veg**: Overrides for vegetative growth (often higher humidity, lower light)\n- **Flower**: Overrides for flowering phase (often lower humidity, higher light)\n\n### Evaluation Logic\n\n1. **Optimal (Green)**: Value falls within the green range\n2. **Acceptable (Yellow)**: Value falls between yellowLow and green[0], or between green[1] and yellowHigh\n3. **Stress (Orange)**: Value deviates moderately from acceptable range\n4. **Critical (Red)**: Value deviates severely from acceptable range\n\n### Stress Tolerance\n\nMature plants (>14 days) can apply stress tolerance, which widens the acceptable ranges:\n- Reduces yellowLow by tolerance amount\n- Increases yellowHigh by tolerance amount\n- Allows plants to better handle environmental fluctuations as they mature\n\n## Yield Modeling\n\n### Quality Factors\n\nEach environmental metric can contribute to yield quality:\n`typescript\nqualityFactors: {\n  temp: 0.3,     // Temperature contributes 30% to quality score\n  rh: 0.2,       // Humidity contributes 20%\n  ppfd: 0.4,     // Light contributes 40%\n  vpd: 0.1       // VPD contributes 10%\n}\n`\n\n### CO2 Response Curve\n\nModels diminishing returns for CO2 supplementation:\n- **halfMax_ppm**: CO2 level that gives 50% of maximum response\n- **saturation_ppm**: CO2 level beyond which no additional benefit occurs\n- Uses Michaelis-Menten kinetics for realistic CO2 response\n\n### Final Yield Calculation\n\n`\nEstimated Yield = Base Yield × Quality Multiplier × CO2 Multiplier\n`\n\n## Method Affinity System\n\n### Affinity Scores\n\nEach strain can define compatibility with cultivation methods:\n- **1.0**: Perfect compatibility\n- **0.8**: Good compatibility\n- **0.6**: Moderate compatibility\n- **0.4**: Poor compatibility\n- **0.2**: Very poor compatibility\n- **0.0**: Incompatible\n\n### Categories\n\n- **Excellent** (0.9+): Strain thrives with this method\n- **Good** (0.7-0.89): Strain performs well\n- **Neutral** (0.5-0.69): Strain is compatible but not optimal\n- **Poor** (0.3-0.49): Strain may struggle\n- **Incompatible** (<0.3): Not recommended\n\n## Example Usage\n\n### Backend Integration\n\n`typescript\n// In plant growth tick processing\nconst environmentResult = enhancedStrainService.evaluateEnvironment(\n  strain,\n  zoneEnvironment,\n  plant.stage,\n  plant.age_days > 14 // Apply stress tolerance for mature plants\n);\n\n// Calculate growth multipliers\nconst healthMultiplier = 1.0 - (environmentResult.overallStress * 0.3);\nconst growthRate = baseGrowthRate * healthMultiplier;\n\n// Emit monitoring events\nenhancedStrainService.emitEnvironmentalEvents(\n  plant.id,\n  plant.zone_id,\n  strain,\n  environmentResult,\n  currentTick,\n  eventCollector\n);\n`\n\n### Frontend Integration\n\n`tsx\n// Display strain environment analysis\n<StrainEnvironmentPanel\n  strainName=\""AK-47\""\n  environmentResult={environmentResult}\n  yieldEstimate={yieldEstimate}\n  methodCompatibility={methodCompatibility}\n  baseYield={120}\n/>\n`\n\n## Migration Path\n\n### Existing Strains\n\nStrains without enhanced fields will use fallback defaults:\n- Default environmental bands based on cannabis cultivation best practices\n- No stress tolerance (0 for all metrics)\n- No method affinity (assumes neutral compatibility)\n- Standard phase durations\n- Simple yield model without quality factors\n\n### Gradual Enhancement\n\nStrains can be enhanced incrementally:\n1. Add basic `envBands` with default values\n2. Add phase-specific overrides for `veg` and `flower`\n3. Configure `stressTolerance` based on strain resilience\n4. Define `methodAffinity` for cultivation methods\n5. Add `yieldModel` with quality factors and CO2 response\n\n## Benefits\n\n### Realism\n- Different strains now have unique environmental preferences\n- Phase-specific requirements (e.g., lower humidity in flower)\n- Realistic CO2 response curves\n- Method-specific compatibility\n\n### Gameplay\n- Strategic strain selection based on available equipment\n- Environmental optimization becomes strain-specific\n- Yield predictions become more accurate and meaningful\n- Player education about real cultivation practices\n\n### UI/UX\n- Rich environmental feedback with source attribution\n- Clear visual indicators for environmental status\n- Actionable recommendations for improvement\n- Detailed yield breakdowns showing impact of environment\n\n## Future Enhancements\n\n### Planned Features\n\n1. **Nutrient Affinity**: Strain preferences for different nutrient regimens\n2. **Training Response**: How well strains respond to LST, SCROG, etc.\n3. **Harvest Window**: Strain-specific ripening characteristics\n4. **Genetic Stability**: Phenotype variation modeling\n5. **Disease Resistance**: Environmental stress leading to pathogen susceptibility\n\n### Advanced Modeling\n\n1. **Multi-factor Interactions**: How temperature and humidity interact for VPD optimization\n2. **Seasonal Adaptation**: Strains that prefer different conditions at different times\n3. **Epigenetic Memory**: Plants \""remembering\"" previous environmental stress\n4. **Breeding Integration**: Parent strain characteristics affecting offspring\n\nThis enhanced strain system provides a solid foundation for realistic, engaging, and educational cannabis cultivation simulation while maintaining backward compatibility with existing strain data. (docs/enhanced-strain-system.md)"
docs/intents.md,Full Document,kept,Retained; thematically categorized,curated/vision.md,Simulation Facade Intents (docs/intents.md)
docs/releases/2025-02-si-blueprint-migration.md,Full Document,kept,Retained; thematically categorized,curated/data-schema.md,Blueprint Unit Migration (SI Base Units) (docs/releases/2025-02-si-blueprint-migration.md)
docs/strain-alignment-summary.md,Full Document,kept,Retained; thematically categorized,curated/data-schema.md,"Strain Alignment Summary\n\nAll strain configurations have been successfully aligned with the enhanced strain blueprint schema.\n\n## Enhanced Fields Added to All Strains\n\n### ✅ Environmental Bands (`envBands`)\nEach strain now has phase-specific environmental preferences:\n- **Default bands**: Base environmental ranges for all metrics\n- **Veg phase overrides**: Modified preferences during vegetative growth\n- **Flower phase overrides**: Optimized settings for flowering\n\n**Metrics covered:**\n- Temperature (°C)\n- Relative Humidity (fraction)\n- CO2 (ppm)\n- Light Intensity - PPFD (μmol/m²/s)\n- Vapor Pressure Deficit - VPD (kPa)\n\n### ✅ Stress Tolerance (`stressTolerance`)\nTolerance values that widen acceptable environmental ranges for mature plants:\n- Different tolerance per environmental metric\n- Applied after plants reach 14+ days age\n- Allows better adaptation to environmental fluctuations\n\n### ✅ Method Affinity (`methodAffinity`)\nCompatibility scores (0.0-1.0) with cultivation methods:\n- **Basic Soil Pot** (`85cc0916-0e8a-495e-af8f-50291abe6855`)\n- **Sea of Green** (`659ba4d7-a5fc-482e-98d4-b614341883ac`) \n- **Screen of Green** (`41229377-ef2d-4723-931f-72eea87d7a62`)\n\n### ✅ Phase Durations (`phaseDurations`)\nStrain-specific growth phase lengths:\n- Seedling days\n- Vegetative days\n- Flowering days\n- Ripening days\n\n### ✅ Yield Model (`yieldModel`)\nAdvanced yield calculation with environmental factors:\n- Base grams per plant\n- Quality factors weighted by environmental conditions\n- CO2 response curves with diminishing returns\n\n## Strain-Specific Characteristics\n\n### Northern Lights\n- **Type**: Indica-dominant (65% Indica)\n- **Environment**: Lower light requirements, good resilience\n- **Method Affinity**: Excellent for Basic Soil (0.9), Good for SOG (0.8)\n- **Yield**: 35g base yield, balanced environmental factors\n- **Stress Tolerance**: High (2.0°C temp, 0.2 VPD)\n\n### Skunk #1\n- **Type**: Hybrid (65% Sativa, 35% Indica)\n- **Environment**: Moderate requirements, stable genetics\n- **Method Affinity**: Good for Basic Soil (0.8) and SCROG (0.8)\n- **Yield**: 48g base yield, light-focused quality factors\n- **Stress Tolerance**: Moderate (1.5°C temp, 0.18 VPD)\n\n### Sour Diesel\n- **Type**: Sativa-dominant (65% Sativa)\n- **Environment**: High light requirements, longer flowering\n- **Method Affinity**: Excellent for SCROG (0.9), challenging for SOG (0.5)\n- **Yield**: 55g base yield, high light dependency\n- **Stress Tolerance**: Lower (1.0°C temp, 0.15 VPD)\n\n### White Widow\n- **Type**: Balanced hybrid (50/50)\n- **Environment**: Moderate needs, good resilience\n- **Method Affinity**: Excellent for Basic Soil (0.9), good across methods\n- **Yield**: 42g base yield, temp/humidity focused\n- **Stress Tolerance**: Good (1.8°C temp, 0.18 VPD)\n\n### AK-47\n- **Type**: Sativa-dominant hybrid (65% Sativa)\n- **Environment**: Balanced requirements, humidity-sensitive in flower\n- **Method Affinity**: Excellent for SOG (0.9), good for Basic Soil (0.8)\n- **Yield**: 45g base yield, VPD and light focused\n- **Stress Tolerance**: Good (1.0°C temp, 0.15 VPD)\n\n## Validation Results\n\n✅ **All 5 strain files validated successfully**\n- All required enhanced fields present\n- Valid JSON structure\n- Consistent field naming and structure\n- Realistic environmental ranges and values\n\n## Integration Benefits\n\n### For Players\n- **Strategic depth**: Strain selection matters based on equipment\n- **Environmental optimization**: Each strain has unique sweet spots\n- **Method compatibility**: Clear guidance on cultivation approach\n- **Yield predictions**: More accurate forecasting\n\n### For Simulation\n- **Realistic growth**: Strain-specific environmental responses\n- **Dynamic yields**: Environment directly impacts harvest quality\n- **Educational value**: Learn real cannabis cultivation principles\n- **Balanced gameplay**: Different strains excel in different setups\n\n## Technical Implementation\n\nThe enhanced strain system is:\n- **Backward compatible**: Existing strains work with fallback defaults\n- **Extensible**: Easy to add new environmental metrics or methods\n- **Type-safe**: Zod schema validation ensures data integrity\n- **Performance optimized**: Efficient lookup and calculation algorithms\n\n## Files Updated\n\n1. `data/blueprints/strains/northern-lights.json` - Added all enhanced fields\n2. `data/blueprints/strains/skunk-1.json` - Added all enhanced fields\n3. `data/blueprints/strains/sour-diesel.json` - Added all enhanced fields\n4. `data/blueprints/strains/white-widow.json` - Added all enhanced fields\n5. `data/blueprints/strains/ak-47.json` - Already had enhanced fields\n\nAll strain configurations are now fully aligned with the enhanced strain blueprint schema and ready for integration with the simulation engine. (docs/strain-alignment-summary.md)"
docs/system/adr/0001-typescript-toolchain.md,Full Document,kept,Retained; thematically categorized,curated/data-schema.md,ADR 0001 — Backend TypeScript Toolchain Stabilization (docs/system/adr/0001-typescript-toolchain.md)
docs/system/adr/0002-frontend-realtime-stack.md,Full Document,kept,Retained; thematically categorized,curated/data-schema.md,ADR 0002 — Frontend Real-Time Dashboard Stack (docs/system/adr/0002-frontend-realtime-stack.md)
docs/system/adr/0003-facade-messaging-overhaul.md,Full Document,kept,Retained; thematically categorized,curated/data-schema.md,ADR 0003 — Facade Messaging Overhaul (docs/system/adr/0003-facade-messaging-overhaul.md)
docs/system/adr/0004-zone-setpoint-routing.md,Full Document,kept,Retained; thematically categorized,curated/data-schema.md,ADR 0004 — Zone Setpoint Routing (docs/system/adr/0004-zone-setpoint-routing.md)
docs/system/adr/0005-snapshot-time-sync.md,Full Document,kept,Retained; thematically categorized,curated/vision.md,ADR 0005 — Snapshot & Time Status Telemetry Contract (docs/system/adr/0005-snapshot-time-sync.md)
docs/system/adr/0006-socket-transport-parity.md,Full Document,kept,Retained; thematically categorized,curated/data-schema.md,ADR 0006 — Socket Transport Version Parity (docs/system/adr/0006-socket-transport-parity.md)
docs/system/adr/0007-physio-module-relocation.md,Full Document,kept,Retained; thematically categorized,curated/data-schema.md,ADR 0007 — Physiology Modules Collocate with the Engine (docs/system/adr/0007-physio-module-relocation.md)
docs/system/adr/0008-randomuser-provisioning.md,Full Document,kept,Retained; thematically categorized,curated/vision.md,ADR 0008 — Auto-Provision Personnel Directory from RandomUser (docs/system/adr/0008-randomuser-provisioning.md)
docs/system/adr/0009-simulation-constants-governance.md,Full Document,kept,Retained; thematically categorized,curated/data-schema.md,ADR 0009 — Simulation Constant Governance & Documentation Loop (docs/system/adr/0009-simulation-constants-governance.md)
docs/system/adr/0010-blueprint-schema-naming.md,Full Document,kept,Retained; thematically categorized,curated/data-schema.md,ADR 0010 — Blueprint Schema Naming Alignment (docs/system/adr/0010-blueprint-schema-naming.md)
docs/system/adr/0011-cultivation-setup-sharing.md,Full Document,kept,Retained; thematically categorized,curated/vision.md,ADR 0011 — Cultivation Setup UI Consolidation (docs/system/adr/0011-cultivation-setup-sharing.md)
docs/system/adr/0012-refactoring-governance.md,Full Document,kept,Retained; thematically categorized,curated/vision.md,ADR 0012 — Refactoring Governance & Modularisation Thresholds (docs/system/adr/0012-refactoring-governance.md)
docs/system/audit.md,Full Document,kept,Retained; thematically categorized,curated/data-schema.md,Simulation Audit Runner (docs/system/audit.md)
docs/system/data-validation.md,Full Document,kept,Retained; thematically categorized,curated/data-schema.md,Blueprint Data Validation Workflow (docs/system/data-validation.md)
docs/system/employees.md,Full Document,kept,Retained; thematically categorized,curated/vision.md,Weedbreed.AI — Employee System (docs/system/employees.md)
docs/system/facade.md,Full Document,kept,Retained; thematically categorized,curated/vision.md,Weedbreed.AI — System Facade (docs/system/facade.md)
docs/system/job_market_population.md,Full Document,kept,Retained; thematically categorized,curated/vision.md,Weedbreed.AI — Job Market Population (docs/system/job_market_population.md)
docs/system/logging.md,Full Document,kept,Retained; thematically categorized,curated/data-schema.md,Logging & Telemetry Configuration (docs/system/logging.md)
docs/system/personnel_roles_blueprint.md,Full Document,kept,Retained; thematically categorized,curated/data-schema.md,Weedbreed.AI — Personnel Role Blueprint (docs/system/personnel_roles_blueprint.md)
docs/system/runtime-event-bus-migration.md,Full Document,kept,Retained; thematically categorized,curated/vision.md,Runtime Event Bus Migration Notes (docs/system/runtime-event-bus-migration.md)
docs/system/simulation-engine.md,Full Document,kept,Retained; thematically categorized,curated/vision.md,Weedbreed.AI — Simulation Engine Deep Dive (docs/system/simulation-engine.md)
docs/system/simulation_philosophy.md,Full Document,kept,Retained; thematically categorized,curated/vision.md,Weedbreed.AI — Simulation Philosophy Deep Dive (docs/system/simulation_philosophy.md)
docs/system/socket_protocol.md,Full Document,kept,Retained; thematically categorized,curated/vision.md,Socket Protocol — Simulation Gateway (docs/system/socket_protocol.md)
docs/system/wb-physio.md,Full Document,kept,Retained; thematically categorized,curated/simulation-loop.md,Weed Breed Physiology Reference (docs/system/wb-physio.md)
docs/system/world-service-architecture.md,Full Document,kept,Retained; thematically categorized,curated/vision.md,World Service Architecture (docs/system/world-service-architecture.md)
docs/tasks/20250923-clickdummy-migration_steps.md,Full Document,kept,Retained; thematically categorized,curated/vision.md,Inventory (docs/tasks/20250923-clickdummy-migration_steps.md)
docs/tasks/20250923-todo-findings.md,Full Document,kept,Retained; thematically categorized,curated/data-schema.md,Create tasks to fix the issues: (docs/tasks/20250923-todo-findings.md)
docs/tasks/20250924-todo-findings.md,Full Document,kept,Retained; thematically categorized,curated/vision.md,• Critical: config.update setpoint rejects UUID zoneIds (backend socketGateway.t (docs/tasks/20250924-todo-findings.md)
docs/tasks/20250925-job-market-refresh.md,Full Document,kept,Retained; thematically categorized,curated/simulation-loop.md,2025-09-25 — Randomuser-backed job market refresh (docs/tasks/20250925-job-market-refresh.md)
docs/tasks/20250926-personnel-provisioning.md,Full Document,kept,Retained; thematically categorized,curated/vision.md,2025-09-26 — Personnel directory provisioning follow-ups (docs/tasks/20250926-personnel-provisioning.md)
docs/tasks/20250927-difficulty-presets-sync.md,Full Document,kept,Retained; thematically categorized,curated/vision.md,Task: Unify Difficulty Presets with JSON Source (docs/tasks/20250927-difficulty-presets-sync.md)
docs/tasks/20250928-irrgitation-nutrient-overhaul.md,Full Document,kept,Retained; thematically categorized,curated/vision.md,Task Plan — Irrigation & Nutrient Overhaul (2025-09-28) (docs/tasks/20250928-irrgitation-nutrient-overhaul.md)
docs/tasks/20250928-replace-mock-data.md,Full Document,kept,Retained; thematically categorized,curated/vision.md,Task: Replace Frontend Mock Data with Live Simulation Feeds (docs/tasks/20250928-replace-mock-data.md)
docs/tasks/20250929-refactoring-roadmap.md,Full Document,kept,Retained; thematically categorized,curated/vision.md,Refactoring Roadmap — Backend & Frontend Monolith Decomposition (docs/tasks/20250929-refactoring-roadmap.md)
docs/tasks/difficulty-presets-analysis.md,Full Document,kept,Retained; thematically categorized,curated/vision.md,Difficulty Presets Config Sync Analysis (docs/tasks/difficulty-presets-analysis.md)
docs/ui-building_guide.backup.md,Full Document,kept,Retained; thematically categorized,curated/vision.md,Weedbreed.AI UI Building Guide (docs/ui-building_guide.backup.md)
docs/ui-building_guide.md,Full Document,kept,Retained; thematically categorized,curated/vision.md,Weedbreed.AI UI Building Guide (docs/ui-building_guide.md)
docs/ui/migration-notes.md,Full Document,kept,Retained; thematically categorized,curated/data-schema.md,Frontend Migration Notes (docs/ui/migration-notes.md)
docs/ui/ui-components-desciption.md,Full Document,kept,Retained; thematically categorized,curated/vision.md,Component Documentation (docs/ui/ui-components-desciption.md)
docs/ui/ui-implementation-spec.md,Full Document,kept,Retained; thematically categorized,curated/vision.md,Weedbreed.AI — Frontend Implementation Spec (docs/ui/ui-implementation-spec.md)
docs/ui/ui-screenshot-insights.md,Full Document,kept,Retained; thematically categorized,curated/vision.md,UI Screenshot Insights (docs/ui/ui-screenshot-insights.md)
docs/ui/ui_archictecture.md,Full Document,kept,Retained; thematically categorized,curated/vision.md,Weedbreed.AI — UI Architecture (docs/ui/ui_archictecture.md)
docs/ui/ui_elements.md,Full Document,kept,Retained; thematically categorized,curated/simulation-loop.md,Weedbreed.AI — UI Elements (docs/ui/ui_elements.md)
docs/ui/ui_interactions_spec.md,Full Document,kept,Retained; thematically categorized,curated/vision.md,Weedbreed.AI — UI Interaction Spec (docs/ui/ui_interactions_spec.md)
docs/vision_scope.md,Full Document,kept,Retained; thematically categorized,curated/vision.md,Weedbreed.AI — Vision & Scope (docs/vision_scope.md)
docs/weedbreed-final-truth.backup.md,Full Document,kept,Retained; thematically categorized,curated/vision.md,Weedbreed Final Truth (docs/weedbreed-final-truth.backup.md)
docs/weedbreed-final-truth.md,Full Document,kept,Retained; thematically categorized,curated/vision.md,Weedbreed Final Truth (docs/weedbreed-final-truth.md)
sources_inventory.md,Full Document,kept,Retained; thematically categorized,curated/vision.md,Sources Inventory (sources_inventory.md)
src/backend/README.md,Full Document,kept,Retained; thematically categorized,curated/data-schema.md,Backend Development (src/backend/README.md)
docs/system/simulation-engine.md,"§ Timebase & Core Loop; § Environment Model; § Plant Growth; § Health; § Tasks & Agentic Employees; § Economics",kept,Consolidated loop responsibilities and emissions,appendices/04_sim_loop_and_events.md,"Fixed-Step Loop Overview; Canonical Tick Phases; Domain Event Taxonomy"
docs/TDD.md,"§ 2) Simulation Loop (fixed-step); § 11) Events & Telemetry",kept,Canonical phase order and event taxonomy aligned,appendices/04_sim_loop_and_events.md,"Canonical Tick Phases; Domain Event Taxonomy"
docs/system/facade.md,"§ 8) Tick Orchestration",kept,Documented façade-controlled tick orchestration and emissions,appendices/04_sim_loop_and_events.md,"Canonical Tick Phases; Domain Event Taxonomy"
docs/system/socket_protocol.md,"§ UI Stream; § Connection & Handshake; § Outgoing Events",kept,Recorded transport channel shapes and payload structure,appendices/04_sim_loop_and_events.md,"Event Bus and Transport Shapes"
docs/system/runtime-event-bus-migration.md,"§ Overview",kept,Referenced runtime event bus helpers for telemetry context,appendices/04_sim_loop_and_events.md,"Event Bus and Transport Shapes"
